1789734149.825551816,56000,500000000,35948000
1789734150.133255225,57000,500000000,45479000
1789734150.439987297,56000,500000000,38464000
1789734150.747786557,57000,500000000,42649000
1789734151.056436382,57000,500000000,45122000
1789734151.365867903,56000,500000000,42056000
1789734151.673799605,56000,500000000,45892000
1789734151.983444032,56000,500000000,39650000
1789734152.291922936,57000,500000000,44053000
1789734152.609557301,55000,500000000,42312000
1789734152.921616212,57000,500000000,36343000
1789734153.229613713,57000,500000000,41175000
1789734153.538659341,56000,500000000,36577000
1789734153.845884436,57000,500000000,41368000
1789734154.153273775,56000,500000000,37694000
1789734154.460864715,57000,500000000,40276000
1789734154.767634940,57000,500000000,36571000
1789734155.074446260,56000,500000000,36627000
1789734155.381801335,58000,500000000,42450000
1789734155.688844309,91000,1990000000,170204000
1789734155.996320789,95000,1950000000,140398000
1789734156.306293641,95000,1920000000,155256000
1789734156.613944086,95000,1890000000,136847000
1789734156.921106765,93000,1860000000,146822000
1789734157.228759607,93000,1830000000,150783000
1789734157.536023518,93000,1800000000,135909000
1789734157.843160108,92000,1770000000,135991000
1789734158.151366335,92000,1740000000,144612000
1789734158.458843533,91000,1710000000,147182000
1789734158.766162871,90000,1680000000,119079000
1789734159.076265838,90000,1650000000,121625000
1789734159.382839877,89000,1620000000,137007000
1789734159.689314532,89000,1590000000,133175000
1789734159.995688886,87000,1560000000,130369000
1789734160.302983313,87000,1520000000,113457000
1789734160.611032134,86000,1490000000,120987000
1789734160.918382599,80000,1460000000,108042000
1789734161.225798838,79000,1450000000,91875000
1789734161.531928044,79000,1450000000,97176000
1789734161.840714128,84000,1450000000,111547000
1789734162.147877801,85000,1420000000,124437000
1789734162.454884269,84000,1390000000,116978000
1789734162.762378452,83000,1360000000,93777000
1789734163.069676197,83000,1330000000,112083000
1789734163.377879700,82000,1300000000,98004000
1789734163.688744406,80000,1270000000,104056000
1789734163.997821953,81000,1240000000,95565000
1789734164.305361675,79000,1230000000,107218000
1789734164.612916622,79000,1230000000,111251000
1789734164.920560367,80000,1230000000,88535000
1789734165.227795655,80000,1230000000,72266000
1789734165.535225231,80000,1230000000,86379000
1789734165.842289608,80000,1230000000,95774000
1789734166.150431472,80000,1230000000,94054000
1789734166.460965433,80000,1230000000,108970000
1789734166.768412829,80000,1230000000,105666000
1789734167.075921399,80000,1220000000,96141000
1789734167.383868805,80000,1210000000,96580000
1789734167.692058199,79000,1210000000,99341000
1789734167.999873669,80000,1210000000,89876000
1789734168.307899907,80000,1210000000,81609000
1789734168.616374691,79000,1210000000,101104000
1789734168.924280004,78000,1210000000,88106000
1789734169.232712325,79000,1210000000,99112000
1789734169.540377213,78000,1210000000,88453000
1789734169.848197498,79000,1210000000,88196000
1789734170.155487579,75000,1210000000,102828000
1789734170.463067644,76000,1210000000,91297000
1789734170.771121600,82000,1210000000,134391000
1789734171.078839563,85000,1980000000,168654000
1789734171.386493557,100000,1950000000,165728000
1789734171.693850497,100000,1920000000,167298000
1789734172.000272356,100000,1890000000,136077000
1789734172.308052395,98000,1850000000,107533000
1789734172.615532494,98000,1820000000,130732000
1789734172.922991543,96000,1790000000,149124000
1789734173.232095497,95000,1760000000,127468000
1789734173.538620347,96000,1730000000,136925000
1789734173.846394106,94000,1700000000,141994000
1789734174.154052698,95000,1670000000,126839000
1789734174.462375979,93000,1640000000,123718000
1789734174.772436292,94000,1610000000,121463000
1789734175.080117369,92000,1580000000,93756000
1789734175.388339331,91000,1550000000,126021000
1789734175.696263008,91000,1520000000,112753000
1789734176.004254467,90000,1490000000,115426000
1789734176.311166783,89000,1450000000,116542000
1789734176.618248780,86000,1420000000,93541000
1789734176.925859012,85000,1390000000,104551000
1789734177.236508561,85000,1360000000,101610000
1789734177.543941044,83000,1330000000,111180000
1789734177.851493699,83000,1300000000,107649000
1789734178.159072235,82000,1280000000,87166000
1789734178.465766040,80000,1250000000,95370000
1789734178.773759774,79000,1240000000,105637000
1789734179.081631557,77000,1240000000,79953000
1789734179.388590245,78000,1240000000,75678000
1789734179.695302507,81000,1240000000,93870000
1789734180.003387438,81000,1220000000,84773000
1789734180.311292608,82000,1190000000,96546000
1789734180.621679326,81000,1160000000,79282000
1789734180.929199592,80000,1140000000,93771000
1789734181.237079470,81000,1130000000,92547000
1789734181.544338136,80000,1130000000,97507000
1789734181.852481199,81000,1130000000,93311000
1789734182.161002379,79000,1130000000,81036000
1789734182.472484810,80000,1120000000,79151000
1789734182.780657570,80000,1120000000,86534000
1789734183.088492639,79000,1120000000,86178000
1789734183.396510958,80000,1120000000,84748000
1789734183.704394897,79000,1120000000,93748000
1789734184.011720538,79000,1120000000,78972000
1789734184.319188409,78000,1120000000,76921000
1789734184.626422558,79000,1120000000,92148000
1789734184.933723065,79000,1120000000,94491000
1789734185.241812807,79000,1120000000,95509000
1789734185.550403420,79000,1120000000,86853000
1789734185.858000492,77000,1120000000,81746000
1789734186.165390659,79000,1120000000,76130000
1789734186.472993692,79000,1120000000,85719000
1789734186.781209440,79000,1120000000,91879000
1789734187.088516640,80000,1120000000,79435000
1789734187.396054972,79000,1120000000,68647000
1789734187.703057150,79000,1120000000,75774000
1789734188.010802753,79000,1120000000,66751000
1789734188.318161898,77000,1120000000,91783000
1789734188.625563066,79000,1120000000,86407000
1789734188.932403949,80000,1120000000,97878000
1789734189.238622873,78000,1120000000,92861000
1789734189.546366659,79000,1120000000,89269000
1789734189.854221116,78000,1120000000,60987000
1789734190.161764775,76000,1120000000,78498000
1789734190.469143543,78000,1120000000,82582000
1789734190.776302773,78000,1120000000,74380000
1789734191.083736703,83000,1120000000,139053000
1789734191.390287623,88000,1980000000,140702000
1789734191.696433037,89000,1950000000,141437000
1789734192.004552861,100000,1920000000,144508000
1789734192.312279013,102000,1890000000,153697000
1789734192.619988481,101000,1850000000,158997000
1789734192.927291102,100000,1820000000,139822000
1789734193.234771937,98000,1790000000,150104000
1789734193.541451901,99000,1760000000,127211000
1789734193.849129018,97000,1730000000,129845000
1789734194.157280366,97000,1700000000,147315000
1789734194.464829872,97000,1670000000,128328000
1789734194.772547021,95000,1640000000,125227000
1789734195.080287214,95000,1610000000,124606000
1789734195.388553389,94000,1580000000,117774000
1789734195.696607312,93000,1550000000,113849000
1789734196.007415672,93000,1520000000,112166000
1789734196.314981958,92000,1490000000,104043000
1789734196.622107045,90000,1460000000,125001000
1789734196.929368019,88000,1420000000,82384000
1789734197.239440815,89000,1390000000,103449000
1789734197.545875268,87000,1360000000,112292000
1789734197.853722135,87000,1330000000,91202000
1789734198.161806408,86000,1300000000,109944000
1789734198.468378594,85000,1270000000,73482000
1789734198.775411695,85000,1240000000,87995000
1789734199.082451465,84000,1210000000,86119000
1789734199.391139894,82000,1180000000,97543000
1789734199.698506117,81000,1150000000,77027000
1789734200.005302774,81000,1140000000,84199000
1789734200.313019022,80000,1130000000,77674000
1789734200.621036244,79000,1120000000,94790000
1789734200.927472662,80000,1120000000,61349000
1789734201.234851621,79000,1120000000,82255000
1789734201.541964299,79000,1120000000,93778000
1789734201.848425816,77000,1120000000,67004000
1789734202.156018894,77000,1120000000,83873000
1789734202.462173920,77000,1120000000,90025000
1789734202.768048401,77000,1120000000,99101000
1789734203.074732157,80000,1120000000,76386000
1789734203.382329030,80000,1120000000,94149000
1789734203.690222153,81000,1110000000,80837000
1789734203.997601059,80000,1090000000,92054000
1789734204.303899063,80000,1080000000,82138000
1789734204.610848463,79000,1070000000,67333000
1789734204.918429753,80000,1070000000,95812000
1789734205.224237097,78000,1070000000,66580000
1789734205.530647148,79000,1070000000,87607000
1789734205.838286866,78000,1070000000,80370000
1789734206.145912503,78000,1070000000,96432000
1789734206.454164789,80000,1070000000,83394000
1789734206.761349243,80000,1070000000,78107000
1789734207.068591507,80000,1070000000,80343000
1789734207.376484236,79000,1070000000,87553000
1789734207.684498325,78000,1070000000,86614000
1789734207.996090752,79000,1070000000,88407000
1789734208.303579538,79000,1070000000,89774000
1789734208.610944190,80000,1070000000,87192000
1789734208.918695948,80000,1070000000,73010000
1789734209.226754060,78000,1070000000,78103000
1789734209.537659594,80000,1070000000,87821000
1789734209.844495122,79000,1070000000,65639000
1789734210.151726957,79000,1070000000,87557000
1789734210.459718625,80000,1070000000,85507000
1789734210.766979744,78000,1070000000,89977000
1789734211.073416787,80000,1070000000,87678000
1789734211.380695126,76000,1070000000,87522000
1789734211.688886090,80000,1070000000,77193000
1789734211.996247253,78000,1070000000,80159000
1789734212.303627165,79000,1070000000,92471000
1789734212.609948384,79000,1070000000,89083000
1789734212.916785969,80000,1070000000,89064000
1789734213.223452533,79000,1070000000,89154000
1789734213.530130810,79000,1070000000,87304000
1789734213.839259006,78000,1070000000,87180000
1789734214.146462687,78000,1070000000,91110000
1789734214.454614096,79000,1070000000,84337000
1789734214.762520513,79000,1070000000,61589000
1789734215.071123829,79000,1070000000,90175000
1789734215.378494032,79000,1070000000,70210000
1789734215.685662540,78000,1070000000,90857000
1789734215.993443298,76000,1070000000,86522000
1789734216.301071906,78000,1070000000,92655000
1789734216.607976870,77000,1070000000,89665000
1789734216.914046298,76000,1070000000,88617000
1789734217.220624139,76000,1070000000,91490000
1789734217.527533699,88000,2000000000,139774000
1789734217.834609254,91000,1970000000,143505000
1789734218.143692544,101000,1930000000,164365000
1789734218.454638066,103000,1900000000,161086000
1789734218.761593777,101000,1870000000,133753000
1789734219.069094965,102000,1840000000,128532000
1789734219.376388837,101000,1810000000,127529000
1789734219.683785862,100000,1780000000,135050000
1789734219.990963344,99000,1750000000,123512000
1789734220.296765045,99000,1720000000,123267000
1789734220.603985375,98000,1690000000,120298000
1789734220.911305398,98000,1660000000,134168000
1789734221.217980293,97000,1630000000,142092000
1789734221.524399513,95000,1600000000,136119000
1789734221.831738539,95000,1570000000,114534000
1789734222.138780820,95000,1540000000,114219000
1789734222.445849012,92000,1500000000,132327000
1789734222.752562166,92000,1470000000,121565000
1789734223.061017616,91000,1440000000,122494000
1789734223.368487786,91000,1410000000,122904000
1789734223.675777254,89000,1380000000,98442000
1789734223.982979354,88000,1350000000,71277000
1789734224.289981540,88000,1320000000,113497000
1789734224.596584518,87000,1290000000,108108000
1789734224.904823454,86000,1260000000,105972000
1789734225.211922570,86000,1230000000,105642000
1789734225.518473118,85000,1200000000,103527000
1789734225.825872943,85000,1170000000,96829000
1789734226.133060237,83000,1140000000,76140000
1789734226.440232850,82000,1110000000,99782000
1789734226.747790271,81000,1080000000,87334000
1789734227.056073355,80000,1050000000,67316000
1789734227.363157956,78000,1030000000,87900000
1789734227.670477548,78000,1030000000,85659000
1789734227.977835240,78000,1030000000,71117000
1789734228.285570021,78000,1030000000,60917000
1789734228.594910088,78000,1030000000,68958000
1789734228.901935106,78000,1030000000,78559000
1789734229.208841538,78000,1030000000,76713000
1789734229.516524890,78000,1030000000,67392000
1789734229.823644809,77000,1030000000,87086000
1789734230.129751868,77000,1030000000,80895000
1789734230.437561111,77000,1030000000,75512000
1789734230.744837538,76000,1030000000,69204000
1789734231.052732610,76000,1030000000,76416000
1789734231.359340222,76000,1030000000,76372000
1789734231.665935894,78000,1030000000,95299000
1789734231.972563785,79000,1030000000,88768000
1789734232.279906028,78000,1030000000,82826000
1789734232.587384409,79000,1030000000,82227000
1789734232.894012244,79000,1030000000,86743000
1789734233.200519608,79000,1030000000,85533000
1789734233.508361079,80000,1030000000,71264000
1789734233.815333989,78000,1030000000,84794000
1789734234.122109726,78000,1030000000,84046000
1789734234.429775610,79000,1030000000,95710000
1789734234.736450815,78000,1030000000,76570000
1789734235.043430693,79000,1030000000,70888000
1789734235.349475800,78000,1030000000,83647000
1789734235.656442740,79000,1030000000,72909000
1789734235.962700607,80000,1030000000,65245000
1789734236.269549827,79000,1030000000,79986000
1789734236.577446715,78000,1030000000,95014000
1789734236.884830387,78000,1030000000,82298000
1789734237.191749539,80000,1030000000,91569000
1789734237.499927539,79000,1030000000,75957000
1789734237.811028051,79000,1030000000,90744000
1789734238.118959398,79000,1030000000,68365000
1789734238.426028345,79000,1030000000,83787000
1789734238.733511642,78000,1030000000,52304000
1789734239.040269575,79000,1030000000,89296000
1789734239.348293379,78000,1030000000,70916000
1789734239.655823591,79000,1030000000,72153000
1789734239.961892852,79000,1030000000,86386000
1789734240.268598095,77000,1030000000,55836000
1789734240.579199788,78000,1030000000,80375000
1789734240.886688541,78000,1030000000,83465000
1789734241.194434411,78000,1030000000,77287000
1789734241.501988777,79000,1030000000,69468000
1789734241.810550578,79000,1030000000,66921000
1789734242.117822009,78000,1030000000,58553000
1789734242.426264022,78000,1030000000,87127000
1789734242.732678080,78000,1030000000,75835000
1789734243.040205945,78000,1030000000,80013000
1789734243.346711184,78000,1030000000,87031000
1789734243.653614188,78000,1030000000,72883000
1789734243.961351956,78000,1030000000,86965000
1789734244.267843230,79000,1030000000,87262000
1789734244.575251713,77000,1030000000,75971000
1789734244.882067097,76000,1030000000,85850000
1789734245.188955401,78000,1030000000,83280000
1789734245.496022377,78000,1030000000,83848000
1789734245.803397317,79000,1030000000,82482000
1789734246.110697433,78000,1030000000,77752000
1789734246.416881621,78000,1030000000,96060000
1789734246.723629376,78000,1030000000,71894000
1789734247.030307791,78000,1030000000,84110000
1789734247.337218064,76000,1030000000,76608000
1789734247.644310791,78000,1030000000,75458000
1789734247.950969563,77000,1030000000,71981000
1789734248.257683292,77000,1030000000,77977000
1789734248.565066360,75000,1030000000,89206000
1789734248.873230588,87000,2000000000,140261000
1789734249.182073576,92000,1970000000,138312000
1789734249.490044511,92000,1940000000,166067000
1789734249.796500322,103000,1910000000,153862000
1789734250.104583669,104000,1880000000,154948000
1789734250.412164425,102000,1850000000,146158000
1789734250.720357809,102000,1820000000,126663000
1789734251.027734972,101000,1790000000,152271000
1789734251.334316639,101000,1760000000,153769000
1789734251.640716601,100000,1730000000,124388000
1789734251.947302927,99000,1700000000,149940000
1789734252.253445567,99000,1670000000,130459000
1789734252.560404480,98000,1630000000,120250000
1789734252.867444894,96000,1600000000,136360000
1789734253.174068139,96000,1570000000,122771000
1789734253.482807784,96000,1540000000,80808000
1789734253.792849132,95000,1510000000,138596000
1789734254.099835602,93000,1480000000,130013000
1789734254.406232183,93000,1450000000,102182000
1789734254.713647998,92000,1420000000,108516000
1789734255.020416606,91000,1390000000,105423000
1789734255.327143142,89000,1360000000,104976000
1789734255.633655727,89000,1330000000,81074000
1789734255.941457590,89000,1300000000,88381000
1789734256.251519475,87000,1270000000,102384000
1789734256.560787290,86000,1230000000,76049000
1789734256.871264343,86000,1200000000,102962000
1789734257.177226560,85000,1170000000,76907000
1789734257.483292840,84000,1140000000,96523000
1789734257.791583869,83000,1110000000,84618000
1789734258.099716258,82000,1080000000,68357000
1789734258.407090799,80000,1060000000,86477000
1789734258.715271030,80000,1030000000,81384000
1789734259.023336656,80000,1020000000,81546000
1789734259.333276764,80000,1020000000,76703000
1789734259.640757277,80000,1020000000,66367000
1789734259.949722084,80000,1020000000,80402000
1789734260.258257078,79000,1020000000,72439000
1789734260.565628334,80000,1020000000,80045000
1789734260.873228590,80000,1020000000,84332000
1789734261.181388254,80000,1020000000,75190000
1789734261.488888639,79000,1020000000,75328000
1789734261.795995252,78000,1020000000,81608000
1789734262.104312309,78000,1020000000,60333000
1789734262.411298144,78000,1020000000,80940000
1789734262.718434588,77000,1020000000,74503000
1789734263.025559233,77000,1020000000,72522000
1789734263.334071176,78000,1020000000,74775000
1789734263.642352387,79000,1020000000,75186000
1789734263.950576450,78000,1020000000,71094000
1789734264.259614469,76000,1020000000,62836000
1789734264.568597634,86000,2000000000,131675000
1789734264.875433597,92000,1970000000,125763000
1789734265.181931100,98000,1940000000,165191000
1789734265.489192952,105000,1910000000,166301000
1789734265.796587602,105000,1880000000,136608000
1789734266.105569332,103000,1850000000,150137000
1789734266.413838583,101000,1820000000,145501000
1789734266.721648643,103000,1790000000,151408000
1789734267.029734358,100000,1760000000,101626000
1789734267.339003471,100000,1730000000,132860000
1789734267.646253587,101000,1700000000,115556000
1789734267.953968822,98000,1670000000,107418000
1789734268.264962442,98000,1640000000,146495000
1789734268.573422561,98000,1600000000,90539000
1789734268.880633846,97000,1570000000,112900000
1789734269.188738116,97000,1540000000,109747000
1789734269.496470480,95000,1510000000,126752000
1789734269.803981181,94000,1480000000,95784000
1789734270.111881549,94000,1450000000,126542000
1789734270.419899089,93000,1420000000,104951000
1789734270.727485155,90000,1390000000,115475000
1789734271.036054820,91000,1360000000,115342000
1789734271.343817764,90000,1330000000,88148000
1789734271.652632131,88000,1300000000,98905000
1789734271.960061308,87000,1270000000,105839000
1789734272.267356272,87000,1240000000,105452000
1789734272.574607198,86000,1200000000,84279000
1789734272.882776117,86000,1170000000,91424000
1789734273.190353013,84000,1140000000,55126000
1789734273.498653672,84000,1110000000,90298000
1789734273.806143402,83000,1080000000,88828000
1789734274.113764631,82000,1050000000,84610000
1789734274.420718434,82000,1030000000,72735000
1789734274.727864224,80000,1000000000,59202000
1789734275.036579470,78000,1000000000,61347000
1789734275.344085038,77000,990000000,60067000
1789734275.652422958,78000,980000000,51678000
1789734275.964338930,78000,980000000,51132000
1789734276.271977428,78000,980000000,56818000
1789734276.580099553,79000,980000000,52985000
1789734276.887519393,79000,980000000,65271000
1789734277.194423408,78000,980000000,61073000
1789734277.501050785,79000,980000000,58696000
1789734277.808177855,79000,980000000,81966000
1789734278.115963742,79000,980000000,79427000
1789734278.423154050,77000,980000000,81404000
1789734278.729843323,79000,980000000,85368000
1789734279.037244592,79000,980000000,71679000
1789734279.344065861,76000,980000000,76788000
1789734279.653338358,78000,980000000,57736000
1789734279.959924200,78000,980000000,68052000
1789734280.267237540,77000,980000000,59047000
1789734280.574760625,78000,980000000,72073000
1789734280.881077138,77000,980000000,71090000
1789734281.188263941,76000,980000000,81288000
1789734281.494338063,76000,980000000,70563000
1789734281.800837180,74000,980000000,78856000
1789734282.108203221,74000,980000000,84778000
1789734282.415553139,76000,980000000,80314000
1789734282.723453590,79000,980000000,79941000
1789734283.031148407,79000,980000000,67761000
1789734283.338444003,79000,980000000,79057000
1789734283.645705700,79000,980000000,84175000
1789734283.952497247,78000,980000000,82272000
1789734284.260467767,77000,980000000,71079000
1789734284.568132445,79000,980000000,63213000
1789734284.875103091,77000,980000000,82276000
1789734285.181677286,78000,980000000,79896000
1789734285.488855584,79000,980000000,82346000
1789734285.796404669,77000,980000000,66565000
1789734286.103410747,77000,980000000,71825000
1789734286.410899435,77000,980000000,76857000
1789734286.717733854,79000,980000000,79864000
1789734287.024918382,79000,980000000,71359000
1789734287.332781859,79000,980000000,77102000
1789734287.640802763,79000,980000000,78938000
1789734287.948222359,78000,980000000,82337000
1789734288.254773201,79000,980000000,72184000
1789734288.561342032,78000,980000000,73714000
1789734288.868394515,78000,980000000,73786000
1789734289.175700933,77000,980000000,79423000
1789734289.483106619,77000,980000000,80805000
1789734289.789697172,78000,980000000,79720000
1789734290.097717789,79000,980000000,65480000
1789734290.406546499,78000,980000000,66653000
1789734290.713438113,78000,980000000,80524000
1789734291.020065772,78000,980000000,64905000
1789734291.327099252,78000,980000000,62609000
1789734291.634635170,78000,980000000,81881000
1789734291.942595818,77000,980000000,72058000
1789734292.253713677,76000,980000000,67456000
1789734292.561410206,78000,980000000,82364000
1789734292.868214749,78000,980000000,69128000
1789734293.175497237,78000,980000000,68856000
1789734293.482758293,78000,980000000,76342000
1789734293.791178841,78000,980000000,80235000
1789734294.099289897,79000,980000000,80173000
1789734294.407139768,78000,980000000,68621000
1789734294.716206937,78000,980000000,80180000
1789734295.023678326,78000,980000000,77514000
1789734295.330650380,77000,980000000,77232000
1789734295.637956759,78000,980000000,80931000
1789734295.945580776,76000,980000000,78232000
1789734296.254630756,78000,980000000,70752000
1789734296.562017455,78000,980000000,80331000
1789734296.869307607,78000,980000000,77135000
1789734297.176554466,77000,980000000,63450000
1789734297.483383014,78000,980000000,67703000
1789734297.791122137,78000,980000000,79042000
1789734298.098152750,77000,980000000,83660000
1789734298.404930903,78000,980000000,82883000
1789734298.712272761,78000,980000000,82802000
1789734299.019001643,78000,980000000,81467000
1789734299.325127513,78000,980000000,63843000
1789734299.631892513,76000,980000000,73715000
1789734299.939033515,76000,980000000,79126000
1789734300.245928596,76000,980000000,87917000
1789734300.552821292,76000,980000000,80750000
1789734300.859462742,77000,980000000,71162000
1789734301.167394043,76000,980000000,78909000
1789734301.474704451,76000,980000000,85524000
1789734301.782214274,76000,980000000,85708000
1789734302.089700317,77000,980000000,80239000
1789734302.396186632,76000,980000000,78361000
1789734302.703467556,76000,980000000,80507000
1789734303.011463889,81000,980000000,146228000
1789734303.319063112,99000,1980000000,142962000
1789734303.626871838,97000,1950000000,146417000
1789734303.933735057,93000,1920000000,136405000
1789734304.240994606,92000,1890000000,121079000
1789734304.547238336,92000,1860000000,136811000
1789734304.853543624,100000,1830000000,152858000
1789734305.161433860,102000,1800000000,152302000
1789734305.470278523,100000,1770000000,141874000
1789734305.777425652,99000,1740000000,148335000
1789734306.085640176,100000,1710000000,130083000
1789734306.393953175,100000,1670000000,142248000
1789734306.702292455,98000,1640000000,137867000
1789734307.012171223,98000,1610000000,137252000
1789734307.319601912,96000,1580000000,136111000
1789734307.626490921,95000,1550000000,111381000
1789734307.933896403,96000,1520000000,121877000
1789734308.242099906,94000,1490000000,109388000
1789734308.552642980,93000,1460000000,125734000
1789734308.859725868,93000,1430000000,110886000
1789734309.168504437,91000,1400000000,120286000
1789734309.475709802,90000,1370000000,98780000
1789734309.783832626,90000,1340000000,112885000
1789734310.091639631,89000,1310000000,97215000
1789734310.398498272,88000,1270000000,89291000
1789734310.707819040,86000,1240000000,84753000
1789734311.016369024,87000,1210000000,103485000
1789734311.322652833,85000,1180000000,97875000
1789734311.630943269,85000,1150000000,87539000
1789734311.942461637,83000,1120000000,89757000
1789734312.249995246,83000,1090000000,76079000
1789734312.557813820,81000,1060000000,75410000
1789734312.865573023,81000,1030000000,82955000
1789734313.172878184,81000,1010000000,70677000
1789734313.481687753,79000,1010000000,62074000
1789734313.789296945,78000,1010000000,81384000
1789734314.096989125,79000,1010000000,54546000
1789734314.405386913,79000,1010000000,81864000
1789734314.712325461,79000,1010000000,82025000
1789734315.020488741,80000,1010000000,79428000
1789734315.332095779,79000,1010000000,78144000
1789734315.640060878,79000,1010000000,82783000
1789734315.948241824,80000,1010000000,82650000
1789734316.256279967,79000,1010000000,78565000
1789734316.564469597,79000,1010000000,75794000
1789734316.873845682,79000,1010000000,80738000
1789734317.182339491,79000,1010000000,83441000
1789734317.489777209,80000,1010000000,67524000
1789734317.797433262,79000,1010000000,74668000
1789734318.108710873,79000,1010000000,86186000
1789734318.416085681,79000,1010000000,69030000
1789734318.724852147,79000,1010000000,60956000
1789734319.034998223,79000,1010000000,63483000
1789734319.342241380,78000,1010000000,60438000
1789734319.650598206,78000,1010000000,53881000
1789734319.961008897,76000,1010000000,61764000
1789734320.268394071,78000,1010000000,64042000
1789734320.576492808,78000,1010000000,59248000
1789734320.887942726,76000,1010000000,62572000
1789734321.196262402,79000,1010000000,60480000
1789734321.505501627,77000,1010000000,58858000
1789734321.814778154,78000,1010000000,65852000
1789734322.122703440,78000,1010000000,62031000
1789734322.429945495,77000,1010000000,69602000
1789734322.736769418,76000,1010000000,82930000
1789734323.044234140,77000,1010000000,69919000
1789734323.350962876,76000,1010000000,82009000
1789734323.657914146,76000,1010000000,71448000
1789734323.963646062,76000,1010000000,69402000
1789734324.271284506,85000,1010000000,134117000
1789734324.579794604,92000,1980000000,123831000
1789734324.886531746,101000,1950000000,167359000
1789734325.195249526,104000,1920000000,164588000
1789734325.504488231,105000,1890000000,152722000
1789734325.810917657,104000,1850000000,162490000
1789734326.118491718,102000,1820000000,152290000
1789734326.429081922,102000,1790000000,137981000
1789734326.736495632,102000,1760000000,156624000
1789734327.045266662,101000,1730000000,149241000
1789734327.352810573,100000,1700000000,119539000
1789734327.661323902,99000,1670000000,146861000
1789734327.967860837,97000,1640000000,121683000
1789734328.275161506,97000,1610000000,121183000
1789734328.581702318,97000,1580000000,119931000
1789734328.888896768,95000,1550000000,105142000
1789734329.195887792,95000,1520000000,132533000
1789734329.503696309,94000,1490000000,98333000
1789734329.811309747,94000,1450000000,125571000
1789734330.118679971,93000,1420000000,100159000
1789734330.425966892,92000,1390000000,116914000
1789734330.733379029,91000,1360000000,101515000
1789734331.040881716,91000,1330000000,111029000
1789734331.348531344,89000,1300000000,99301000
1789734331.657541899,89000,1270000000,108325000
1789734331.964460140,87000,1240000000,97341000
1789734332.271868024,87000,1210000000,99169000
1789734332.578908714,85000,1180000000,102206000
1789734332.885620770,85000,1150000000,81128000
1789734333.193988248,85000,1120000000,83515000
1789734333.503862495,82000,1090000000,91653000
1789734333.810825202,82000,1060000000,86836000
1789734334.119000315,82000,1030000000,83962000
1789734334.426407794,81000,1010000000,84796000
1789734334.733105693,80000,990000000,73756000
1789734335.041268274,80000,990000000,76746000
1789734335.349063187,80000,990000000,69270000
1789734335.657143828,79000,990000000,83031000
1789734335.963644629,80000,990000000,88551000
1789734336.271339436,79000,990000000,80662000
1789734336.578504671,79000,990000000,83126000
1789734336.886010231,80000,990000000,82294000
1789734337.193449579,78000,990000000,72097000
1789734337.500711897,79000,990000000,77197000
1789734337.809414208,79000,990000000,82328000
1789734338.116382874,78000,990000000,75847000
1789734338.423411635,79000,990000000,77783000
1789734338.731052740,79000,990000000,81017000
1789734339.038612293,80000,990000000,84618000
1789734339.345026704,79000,990000000,79083000
1789734339.653279037,77000,990000000,64023000
1789734339.961127180,79000,990000000,74684000
1789734340.268208288,79000,990000000,78817000
1789734340.575555083,78000,990000000,80885000
1789734340.883292739,76000,990000000,45742000
1789734341.191195037,79000,990000000,63550000
1789734341.497411542,79000,990000000,61369000
1789734341.805090344,78000,990000000,70202000
1789734342.117638842,78000,990000000,70905000
1789734342.425379615,77000,990000000,65567000
1789734342.732836259,78000,990000000,62495000
1789734343.040135171,76000,990000000,82182000
1789734343.347769086,78000,990000000,66973000
1789734343.657453969,78000,990000000,68826000
1789734343.964726780,78000,990000000,86992000
1789734344.271178797,78000,990000000,66010000
1789734344.578234682,76000,990000000,79617000
1789734344.885860229,91000,1990000000,139834000
1789734345.193592509,93000,1960000000,152698000
1789734345.501812420,102000,1930000000,144435000
1789734345.808818647,104000,1900000000,137044000
1789734346.116541907,105000,1870000000,158944000
1789734346.424117294,104000,1830000000,155090000
1789734346.731262741,103000,1800000000,129769000
1789734347.038455822,102000,1770000000,125949000
1789734347.346386172,102000,1740000000,133223000
1789734347.657500556,101000,1710000000,135779000
1789734347.965520252,100000,1680000000,144850000
1789734348.272334590,99000,1650000000,144905000
1789734348.579746718,98000,1620000000,145930000
1789734348.887707275,97000,1590000000,134256000
1789734349.195344004,97000,1560000000,141021000
1789734349.503452200,96000,1530000000,133722000
1789734349.809884394,95000,1500000000,96438000
1789734350.117072374,93000,1470000000,122451000
1789734350.424731607,92000,1430000000,114999000
1789734350.731383260,93000,1400000000,103811000
1789734351.038330318,91000,1370000000,79129000
1789734351.345245647,91000,1340000000,112750000
1789734351.652005758,91000,1310000000,113882000
1789734351.960478403,88000,1280000000,113357000
1789734352.267891972,89000,1250000000,95156000
1789734352.573985455,86000,1220000000,101250000
1789734352.881242221,87000,1190000000,74576000
1789734353.188708234,86000,1160000000,100089000
1789734353.497321055,85000,1130000000,78999000
1789734353.808953902,84000,1100000000,70613000
1789734354.115995415,82000,1070000000,70511000
1789734354.424438626,82000,1040000000,88003000
1789734354.731172457,81000,1010000000,82995000
1789734355.038498157,81000,990000000,76983000
1789734355.346728430,79000,980000000,69164000
1789734355.653845374,80000,980000000,78483000
1789734355.961729122,78000,980000000,82957000
1789734356.269767861,80000,980000000,73014000
1789734356.577968401,80000,980000000,79882000
1789734356.885639229,79000,980000000,77766000
1789734357.192207646,79000,980000000,79861000
1789734357.499429492,80000,980000000,82530000
1789734357.807398768,80000,980000000,79770000
1789734358.114638596,80000,980000000,72178000
1789734358.422025849,79000,980000000,77926000
1789734358.731418221,79000,980000000,83301000
1789734359.038093597,79000,980000000,75953000
1789734359.345033092,79000,980000000,78975000
1789734359.654222343,79000,980000000,78233000
1789734359.962133470,79000,980000000,66706000
1789734360.272243326,77000,980000000,83758000
1789734360.579189913,78000,980000000,53924000
1789734360.886903189,79000,980000000,67784000
1789734361.193651977,79000,980000000,78558000
1789734361.500877040,79000,980000000,80557000
1789734361.808565948,79000,980000000,75126000
1789734362.116347935,78000,980000000,76313000
1789734362.424189057,79000,980000000,83225000
1789734362.730116681,79000,980000000,83098000
1789734363.036471790,79000,980000000,78402000
1789734363.343832266,78000,980000000,69884000
1789734363.651036718,79000,980000000,74676000
1789734363.958864542,77000,980000000,65191000
1789734364.269316917,79000,980000000,65119000
1789734364.577282376,78000,980000000,83306000
1789734364.885774901,79000,980000000,83790000
1789734365.192903129,78000,980000000,65122000
1789734365.499802694,78000,980000000,82879000
1789734365.806842528,78000,980000000,72552000
1789734366.115559834,77000,980000000,88237000
1789734366.422800273,78000,980000000,90273000
1789734366.729472369,75000,980000000,68601000
1789734367.036180748,76000,980000000,71254000
1789734367.342446869,76000,980000000,71439000
1789734367.648549569,76000,980000000,68502000
1789734367.955810662,76000,980000000,78795000
1789734368.262408440,78000,980000000,65478000
1789734368.570107178,79000,980000000,77597000
1789734368.879331743,77000,980000000,69213000
1789734369.187543806,79000,980000000,78545000
1789734369.495649546,79000,980000000,78049000
1789734369.803574463,78000,980000000,81703000
1789734370.111728576,79000,980000000,63845000
1789734370.422472488,79000,980000000,78786000
1789734370.731395152,79000,980000000,73466000
1789734371.038670439,79000,980000000,78324000
1789734371.347045474,79000,980000000,68772000
1789734371.655032513,79000,980000000,67995000
1789734371.965804600,79000,980000000,73132000
1789734372.272521264,77000,980000000,80752000
1789734372.580931184,77000,980000000,83501000
1789734372.889054580,79000,980000000,79081000
1789734373.197546225,79000,980000000,59181000
1789734373.504664656,79000,980000000,80301000
1789734373.812399365,79000,980000000,75571000
1789734374.119489127,77000,980000000,74519000
1789734374.428158894,76000,980000000,78292000
1789734374.737762692,78000,980000000,61624000
1789734375.045694901,79000,980000000,79045000
1789734375.353518615,79000,980000000,71635000
1789734375.661997067,78000,980000000,69194000
1789734375.969577015,79000,980000000,71851000
1789734376.277895629,79000,980000000,77488000
1789734376.584563958,79000,980000000,78714000
1789734376.893335819,78000,980000000,76773000
1789734377.204223674,77000,980000000,77641000
1789734377.512059444,78000,980000000,79135000
1789734377.819725320,78000,980000000,66727000
1789734378.131568404,78000,980000000,76637000
1789734378.438207320,78000,980000000,79983000
1789734378.746334605,78000,980000000,71028000
1789734379.052835224,79000,980000000,74588000
1789734379.360186194,77000,980000000,75120000
1789734379.669301216,79000,980000000,77860000
1789734379.978983183,79000,980000000,69841000
1789734380.286976305,77000,980000000,77855000
1789734380.593979964,78000,980000000,59615000
1789734380.901245966,78000,980000000,80577000
1789734381.208622573,78000,980000000,71792000
1789734381.517455450,78000,980000000,78600000
1789734381.827824627,78000,980000000,80746000
1789734382.133780521,78000,980000000,80362000
1789734382.441051811,78000,980000000,82079000
1789734382.747669397,76000,980000000,82109000
1789734383.054326539,78000,980000000,79706000
1789734383.361994625,78000,980000000,80096000
1789734383.669221473,78000,980000000,78785000
1789734383.977445471,78000,980000000,78461000
1789734384.285859924,78000,980000000,77722000
1789734384.597100118,78000,980000000,80212000
1789734384.904726595,78000,980000000,67680000
1789734385.215271730,77000,980000000,77743000
1789734385.522540076,76000,980000000,67205000
1789734385.830497333,78000,980000000,78718000
1789734386.137841627,78000,980000000,79745000
1789734386.445560819,77000,980000000,79446000
1789734386.753656294,77000,980000000,72390000
1789734387.063254928,77000,980000000,81782000
1789734387.369492225,78000,980000000,72077000
1789734387.677139010,77000,980000000,82295000
1789734387.985607493,77000,980000000,67613000
1789734388.297281373,77000,980000000,72230000
1789734388.604686215,76000,980000000,79902000
1789734388.912608254,76000,980000000,70437000
1789734389.220667504,77000,980000000,61358000
1789734389.527594082,78000,980000000,61236000
1789734389.835800692,78000,980000000,73081000
1789734390.145585143,76000,980000000,71970000
1789734390.453510671,77000,980000000,73735000
1789734390.760944940,77000,980000000,79357000
1789734391.068862495,77000,980000000,65232000
1789734391.376714712,77000,980000000,82418000
1789734391.684477646,77000,980000000,75504000
1789734391.991918325,76000,980000000,79910000
1789734392.299560194,77000,980000000,68381000
1789734392.608815492,76000,980000000,67077000
1789734392.916158963,77000,980000000,69177000
1789734393.223149738,74000,980000000,60317000
1789734393.530777359,76000,980000000,73468000
1789734393.838350315,77000,980000000,59601000
1789734394.144051100,76000,980000000,66533000
1789734394.450423600,76000,980000000,50212000
1789734394.756739099,76000,980000000,79648000
1789734395.064848635,90000,1990000000,128683000
1789734395.373083292,93000,1960000000,129950000
1789734395.681565855,93000,1930000000,135379000
1789734395.988938017,99000,1900000000,140493000
1789734396.296591886,102000,1870000000,144062000
1789734396.603882399,102000,1840000000,135390000
1789734396.911049614,101000,1810000000,109946000
1789734397.217834426,101000,1780000000,154160000
1789734397.525705255,101000,1750000000,128632000
1789734397.833213869,101000,1720000000,106776000
1789734398.140595694,99000,1690000000,119416000
1789734398.449034101,99000,1660000000,149469000
1789734398.757222291,98000,1620000000,135449000
1789734399.064823655,96000,1590000000,125743000
1789734399.372672783,96000,1560000000,109751000
1789734399.680509577,96000,1530000000,129414000
1789734399.987994888,95000,1500000000,98957000
1789734400.294742265,93000,1470000000,117889000
1789734400.601448708,91000,1440000000,103981000
1789734400.908540657,92000,1410000000,110649000
1789734401.216978658,90000,1380000000,103188000
1789734401.524707709,90000,1350000000,85252000
1789734401.831308709,90000,1320000000,98657000
1789734402.138160566,89000,1290000000,106174000
1789734402.446171956,87000,1260000000,104382000
1789734402.753820239,87000,1230000000,96274000
1789734403.060851310,85000,1190000000,89430000
1789734403.368721501,86000,1160000000,98211000
1789734403.676260143,84000,1130000000,77070000
1789734403.983421553,83000,1100000000,78528000
1789734404.291430843,82000,1070000000,79481000
1789734404.601909342,82000,1040000000,87011000
1789734404.909322583,81000,1030000000,83478000
1789734405.216853371,80000,1000000000,68748000
1789734405.523643224,80000,1000000000,61487000
1789734405.830841266,79000,1000000000,61234000
1789734406.138840040,79000,1000000000,61940000
1789734406.449572521,79000,1000000000,82965000
1789734406.757187077,79000,1000000000,84165000
1789734407.064413981,79000,1000000000,70570000
1789734407.372609195,79000,1000000000,76080000
1789734407.680551270,79000,1000000000,84708000
1789734407.987919827,79000,1000000000,75872000
1789734408.295913907,79000,1000000000,72152000
1789734408.607932743,79000,1000000000,78571000
1789734408.915126044,79000,1000000000,83741000
1789734409.222240103,79000,1000000000,80540000
1789734409.528500554,79000,1000000000,77347000
1789734409.835898477,79000,1000000000,73631000
1789734410.142184106,79000,1000000000,65913000
1789734410.449520935,78000,1000000000,68464000
1789734410.757008688,79000,1000000000,73430000
1789734411.066729953,77000,1000000000,76825000
1789734411.373949800,78000,1000000000,79645000
1789734411.681907682,78000,1000000000,73003000
1789734411.993263509,78000,1000000000,81603000
1789734412.300682343,78000,1000000000,87732000
1789734412.607133190,76000,1000000000,71056000
1789734412.914510143,78000,1000000000,57268000
1789734413.222219152,78000,1000000000,65549000
1789734413.530225283,77000,1000000000,59764000
1789734413.841229585,77000,1000000000,82361000
1789734414.148541294,79000,1000000000,73360000
1789734414.456116502,79000,1000000000,85993000
1789734414.763046368,78000,1000000000,85143000
1789734415.069366013,79000,1000000000,65642000
1789734415.376135314,78000,1000000000,85425000
1789734415.683527572,78000,1000000000,83890000
1789734415.990341538,78000,1000000000,80886000
1789734416.297892321,79000,1000000000,67507000
1789734416.605444300,78000,1000000000,83004000
1789734416.912308186,76000,1000000000,61839000
1789734417.221067150,78000,1000000000,61099000
1789734417.528956712,79000,1000000000,80096000
1789734417.836394043,79000,1000000000,81541000
1789734418.144034623,79000,1000000000,79771000
1789734418.450836309,77000,1000000000,73100000
1789734418.758434648,75000,1000000000,80286000
1789734419.066336864,76000,1000000000,76861000
1789734419.374139639,76000,1000000000,76765000
1789734419.681602664,75000,1000000000,73128000
1789734419.989447446,76000,1000000000,75903000
1789734420.295885504,90000,1990000000,138098000
1789734420.602356833,93000,1960000000,123514000
1789734420.909772698,100000,1930000000,141933000
1789734421.217278387,105000,1900000000,169606000
1789734421.524332474,104000,1870000000,138243000
1789734421.831958177,103000,1840000000,136543000
1789734422.140316162,102000,1810000000,142853000
1789734422.448444010,101000,1780000000,156044000
1789734422.755764604,100000,1750000000,152563000
1789734423.062525343,101000,1720000000,148078000
1789734423.369376906,100000,1680000000,146699000
1789734423.676156951,99000,1650000000,102321000
1789734423.983672917,99000,1620000000,137992000
1789734424.290705317,98000,1590000000,120257000
1789734424.598298920,97000,1560000000,126554000
1789734424.905882684,96000,1530000000,99002000
1789734425.212601677,95000,1500000000,106597000
1789734425.519853098,94000,1470000000,128918000
1789734425.825683456,93000,1440000000,124774000
1789734426.131970653,92000,1410000000,132650000
1789734426.439294298,92000,1380000000,109545000
1789734426.747861845,90000,1350000000,112671000
1789734427.058332677,90000,1320000000,109943000
1789734427.365894287,87000,1290000000,66993000
1789734427.673363238,89000,1250000000,90148000
1789734427.983922492,87000,1220000000,97602000
1789734428.290637060,87000,1190000000,86433000
1789734428.597072079,85000,1160000000,100364000
1789734428.905209673,85000,1130000000,76522000
1789734429.216685787,84000,1100000000,94660000
1789734429.523218740,82000,1070000000,69460000
1789734429.830218735,82000,1040000000,84255000
1789734430.137386747,81000,1030000000,76640000
1789734430.444798227,81000,1010000000,81400000
1789734430.752049252,79000,1000000000,68560000
1789734431.060235803,78000,980000000,67234000
1789734431.367115969,79000,970000000,81307000
1789734431.675162579,77000,970000000,77823000
1789734431.984400304,79000,970000000,84222000
1789734432.290699699,79000,970000000,73159000
1789734432.597586809,79000,970000000,66231000
1789734432.908793482,79000,970000000,87982000
1789734433.216554629,78000,970000000,70847000
1789734433.524526279,79000,970000000,78702000
1789734433.836623987,77000,970000000,82250000
1789734434.143326645,78000,970000000,60447000
1789734434.450944870,79000,970000000,61043000
1789734434.759347619,79000,970000000,67286000
1789734435.070272803,79000,970000000,78466000
1789734435.376486200,79000,970000000,81659000
1789734435.683145855,79000,970000000,72990000
1789734435.992216919,79000,970000000,58891000
1789734436.298453188,77000,970000000,82466000
1789734436.605935190,78000,970000000,77010000
1789734436.913397913,77000,970000000,79494000
1789734437.220366835,78000,970000000,79065000
1789734437.527232756,78000,970000000,84779000
1789734437.833837237,78000,970000000,49197000
1789734438.141470562,78000,970000000,55979000
1789734438.448397187,79000,970000000,83148000
1789734438.754653548,79000,970000000,71693000
1789734439.062259573,78000,970000000,85272000
1789734439.370242565,78000,970000000,65994000
1789734439.677371680,78000,970000000,72724000
1789734439.983966312,78000,970000000,73850000
1789734440.291395067,75000,970000000,48441000
1789734440.598731873,79000,970000000,58887000
1789734440.906784645,78000,970000000,84430000
1789734441.213639838,79000,970000000,89432000
1789734441.521973976,78000,970000000,81110000
1789734441.829771706,78000,970000000,78279000
1789734442.139553870,78000,970000000,72430000
1789734442.445618648,76000,970000000,61750000
1789734442.752211736,79000,970000000,66653000
1789734443.061078899,78000,970000000,73477000
1789734443.368119284,77000,970000000,69634000
1789734443.674654467,77000,970000000,63725000
1789734443.982239026,77000,970000000,71980000
1789734444.289429344,77000,970000000,82287000
1789734444.596664818,76000,970000000,78092000
1789734444.904871760,76000,970000000,72102000
1789734445.212319513,77000,970000000,85194000
1789734445.520234941,76000,970000000,83702000
1789734445.829402556,75000,970000000,74850000
1789734446.136820751,75000,970000000,79237000
1789734446.445205187,76000,970000000,71277000
1789734446.752618692,76000,970000000,82799000
1789734447.060112724,91000,1990000000,127609000
1789734447.368869555,98000,1960000000,168386000
1789734447.677723080,105000,1930000000,166514000
1789734447.985812366,106000,1890000000,145963000
1789734448.296337921,105000,1860000000,142877000
1789734448.603411033,104000,1830000000,135473000
1789734448.910132856,102000,1800000000,140934000
1789734449.217547724,102000,1770000000,114067000
1789734449.524426169,102000,1740000000,134225000
1789734449.831262987,101000,1710000000,146634000
1789734450.138084856,100000,1680000000,130360000
1789734450.445485390,100000,1650000000,132000000
1789734450.753683682,99000,1620000000,121675000
1789734451.061344891,98000,1590000000,137288000
1789734451.368616494,97000,1560000000,121118000
1789734451.676867210,96000,1530000000,114076000
1789734451.983458990,95000,1500000000,131821000
1789734452.289609422,95000,1460000000,126153000
1789734452.596903987,92000,1430000000,134065000
1789734452.905246206,93000,1400000000,117210000
1789734453.212108932,91000,1370000000,110895000
1789734453.519730393,89000,1340000000,121037000
1789734453.827966942,91000,1310000000,92149000
1789734454.135196066,90000,1280000000,113710000
1789734454.442839593,88000,1250000000,106313000
1789734454.751151588,87000,1220000000,88634000
1789734455.062238917,86000,1190000000,85968000
1789734455.369546418,86000,1160000000,95591000
1789734455.677772830,84000,1130000000,78240000
1789734455.985988991,84000,1100000000,71702000
1789734456.293935605,83000,1060000000,81413000
1789734456.601620144,82000,1030000000,81429000
1789734456.910423846,81000,1000000000,81372000
1789734457.217770140,79000,970000000,80018000
1789734457.525895711,80000,970000000,68260000
1789734457.833475756,80000,970000000,78625000
1789734458.142090625,80000,970000000,77859000
1789734458.450253756,78000,970000000,82746000
1789734458.757890797,79000,970000000,70066000
1789734459.064976870,80000,970000000,71586000
1789734459.374342745,79000,970000000,68298000
1789734459.682006216,79000,970000000,80159000
1789734459.989950568,79000,970000000,77651000
1789734460.298080211,79000,970000000,67872000
1789734460.604857207,78000,970000000,71354000
1789734460.912952081,78000,970000000,79263000
1789734461.220160822,78000,970000000,79300000
1789734461.527882427,78000,970000000,49418000
1789734461.836895643,77000,970000000,57462000
1789734462.144348797,79000,970000000,72100000
1789734462.452511207,79000,970000000,77303000
1789734462.761952357,79000,970000000,77574000
1789734463.069072004,77000,970000000,68072000
1789734463.377030298,79000,970000000,70982000
1789734463.687062571,79000,970000000,67476000
1789734463.994995436,78000,970000000,79572000
1789734464.303008146,78000,970000000,80103000
1789734464.609701009,77000,970000000,79289000
1789734464.917547410,78000,970000000,57168000
1789734465.225387387,79000,970000000,81324000
1789734465.533223249,79000,970000000,78529000
1789734465.842679076,77000,970000000,77153000
1789734466.152578053,78000,970000000,82608000
1789734466.459297129,78000,970000000,68229000
1789734466.768694650,78000,970000000,77551000
1789734467.079833606,77000,970000000,79047000
1789734467.387462121,77000,970000000,47953000
1789734467.696220960,78000,970000000,69767000
1789734468.002956239,78000,970000000,79008000
1789734468.310512690,78000,970000000,60108000
1789734468.618541724,79000,970000000,77936000
1789734468.929664983,77000,970000000,82110000
1789734469.238213629,77000,970000000,67384000
1789734469.545791226,77000,970000000,59115000
1789734469.852563547,77000,970000000,75342000
1789734470.161101076,78000,970000000,76135000
1789734470.471293111,78000,970000000,82090000
1789734470.778925994,77000,970000000,78561000
1789734471.087751445,77000,970000000,77504000
1789734471.397194351,77000,970000000,60246000
1789734471.704596689,77000,970000000,67057000
1789734472.012826350,79000,970000000,75761000
1789734472.321090883,75000,970000000,50150000
1789734472.628470172,69000,970000000,45567000
